id,username,password_hash,role,created_by,updated_by
1359ba0b-d817-4d48-9e41-2961d98434ea,hancockphilip,$2a$10$xCv3l0GdIY5KPFt9lfDLKefL9amcyhEKGk2c7xRwT8DBWri1qw6hq,user,admin,admin
aaafc6a1-95ec-4fca-8d29-ffa0bef126b8,elizabeth40,$2a$10$xCv3l0GdIY5KPFt9lfDLKefL9amcyhEKGk2c7xRwT8DBWri1qw6hq,user,admin,admin
4f5dd2bf-c2d1-4e54-9df9-cb6c81aa0e27,leescott,$2a$10$xCv3l0GdIY5KPFt9lfDLKefL9amcyhEKGk2c7xRwT8DBWri1qw6hq,user,admin,admin
3194bbc9-258c-4547-a48a-a975d132f0ca,ihowell,$2a$10$xCv3l0GdIY5KPFt9lfDLKefL9amcyhEKGk2c7xRwT8DBWri1qw6hq,user,admin,admin
87bb0b61-81c0-4539-830d-ff4a6cc0851a,fjordan,$2a$10$xCv3l0GdIY5KPFt9lfDLKefL9amcyhEKGk2c7xRwT8DBWri1qw6hq,user,admin,admin
2ade0e85-64a7-499f-b60f-47142edb84a9,smithnicole,$2a$10$xCv3l0GdIY5KPFt9lfDLKefL9amcyhEKGk2c7xRwT8DBWri1qw6hq,user,admin,admin
013f06a6-1aea-490f-aa41-058700343fb6,wagnermichael,$2a$10$xCv3l0GdIY5KPFt9lfDLKefL9amcyhEKGk2c7xRwT8DBWri1qw6hq,user,admin,admin
d03ed60e-80fb-4f1e-9095-a790c3862de6,lmitchell,$2a$10$xCv3l0GdIY5KPFt9lfDLKefL9amcyhEKGk2c7xRwT8DBWri1qw6hq,user,admin,admin
0563dcb3-7f8d-4ca0-87ee-ebaf32a5d6c7,melinda15,$2a$10$xCv3l0GdIY5KPFt9lfDLKefL9amcyhEKGk2c7xRwT8DBWri1qw6hq,user,admin,admin
cf33f4f7-f44e-496d-bd37-95be0057b4df,zbell,$2a$10$xCv3l0GdIY5KPFt9lfDLKefL9amcyhEKGk2c7xRwT8DBWri1qw6hq,user,admin,admin
40621d63-ccce-4921-ba90-d60bec1d9087,thomas02,$2a$10$xCv3l0GdIY5KPFt9lfDLKefL9amcyhEKGk2c7xRwT8DBWri1qw6hq,user,admin,admin
39c31d1b-b54b-4ac2-8ccc-1eda4b43d907,srodriguez,$2a$10$xCv3l0GdIY5KPFt9lfDLKefL9amcyhEKGk2c7xRwT8DBWri1qw6hq,user,admin,admin
4cde8f4e-0b01-423d-b84e-a4088996443d,danielhernandez,$2a$10$xCv3l0GdIY5KPFt9lfDLKefL9amcyhEKGk2c7xRwT8DBWri1qw6hq,user,admin,admin
f25ae8d2-fdd6-41bd-b504-098a78470049,anthony88,$2a$10$xCv3l0GdIY5KPFt9lfDLKefL9amcyhEKGk2c7xRwT8DBWri1qw6hq,user,admin,admin
8512bed4-30b9-493b-9d52-c3b161289686,virginia13,$2a$10$xCv3l0GdIY5KPFt9lfDLKefL9amcyhEKGk2c7xRwT8DBWri1qw6hq,user,admin,admin
15989918-26ab-4230-a1cf-cd0767e0298c,davidgoodwin,$2a$10$xCv3l0GdIY5KPFt9lfDLKefL9amcyhEKGk2c7xRwT8DBWri1qw6hq,user,admin,admin
44a771b0-8e26-4fda-afec-f8f591ef57ae,matthewcontreras,$2a$10$xCv3l0GdIY5KPFt9lfDLKefL9amcyhEKGk2c7xRwT8DBWri1qw6hq,user,admin,admin
298d44e6-88e2-4559-b91e-8bb17318bf41,hcarroll,$2a$10$xCv3l0GdIY5KPFt9lfDLKefL9amcyhEKGk2c7xRwT8DBWri1qw6hq,user,admin,admin
37d332ce-bfa2-4e5c-bd51-534407cf75f1,rebecca72,$2a$10$xCv3l0GdIY5KPFt9lfDLKefL9amcyhEKGk2c7xRwT8DBWri1qw6hq,user,admin,admin
0bf60c68-6b9f-4a3b-a79b-e9aa6835b0c1,suzanne94,$2a$10$xCv3l0GdIY5KPFt9lfDLKefL9amcyhEKGk2c7xRwT8DBWri1qw6hq,user,admin,admin
86546742-41a9-4bbe-8a54-9afda9221fb2,kurt70,$2a$10$xCv3l0GdIY5KPFt9lfDLKefL9amcyhEKGk2c7xRwT8DBWri1qw6hq,user,admin,admin
2e996662-0e24-4826-a4e3-211e781cafee,xgreen,$2a$10$xCv3l0GdIY5KPFt9lfDLKefL9amcyhEKGk2c7xRwT8DBWri1qw6hq,user,admin,admin
25b4e355-a39b-4353-91e3-0d8a1d935f8b,jeremy45,$2a$10$xCv3l0GdIY5KPFt9lfDLKefL9amcyhEKGk2c7xRwT8DBWri1qw6hq,user,admin,admin
5ccc13c2-60f1-4f72-87bc-eaf37018bdc9,xbanks,$2a$10$xCv3l0GdIY5KPFt9lfDLKefL9amcyhEKGk2c7xRwT8DBWri1qw6hq,user,admin,admin
bef258fd-5865-41a5-b7b8-76306834aab5,amy25,$2a$10$xCv3l0GdIY5KPFt9lfDLKefL9amcyhEKGk2c7xRwT8DBWri1qw6hq,user,admin,admin
4075ee5e-919c-405c-ad44-d34f99a97c36,kennedycheryl,$2a$10$xCv3l0GdIY5KPFt9lfDLKefL9amcyhEKGk2c7xRwT8DBWri1qw6hq,user,admin,admin
e240e187-a715-4209-aabb-2e4506d057e4,montgomerydonald,$2a$10$xCv3l0GdIY5KPFt9lfDLKefL9amcyhEKGk2c7xRwT8DBWri1qw6hq,user,admin,admin
1be7dc6c-f61b-4c31-af9a-6bbd4700593d,ronnieduncan,$2a$10$xCv3l0GdIY5KPFt9lfDLKefL9amcyhEKGk2c7xRwT8DBWri1qw6hq,user,admin,admin
d7e05e17-f88e-4759-93e5-faa1ff407311,hdavis,$2a$10$xCv3l0GdIY5KPFt9lfDLKefL9amcyhEKGk2c7xRwT8DBWri1qw6hq,user,admin,admin
92de419c-edf2-4a75-8686-dee34dcff035,wesley63,$2a$10$xCv3l0GdIY5KPFt9lfDLKefL9amcyhEKGk2c7xRwT8DBWri1qw6hq,user,admin,admin
16335d46-ac68-432c-a1d3-9424e766e4a4,michaelnichols,$2a$10$xCv3l0GdIY5KPFt9lfDLKefL9amcyhEKGk2c7xRwT8DBWri1qw6hq,user,admin,admin
62a86e9d-59b6-46a0-a490-0fb05fa5785a,tiffanypratt,$2a$10$xCv3l0GdIY5KPFt9lfDLKefL9amcyhEKGk2c7xRwT8DBWri1qw6hq,user,admin,admin
b5d1e81a-b52a-4174-a964-f8ec4e936e14,dmartin,$2a$10$xCv3l0GdIY5KPFt9lfDLKefL9amcyhEKGk2c7xRwT8DBWri1qw6hq,user,admin,admin
3695c9ba-3d9d-422a-be1f-954034a25acd,weeksyvette,$2a$10$xCv3l0GdIY5KPFt9lfDLKefL9amcyhEKGk2c7xRwT8DBWri1qw6hq,user,admin,admin
3d956bcf-702b-4abf-ad75-9be79a284f92,acevedobrittany,$2a$10$xCv3l0GdIY5KPFt9lfDLKefL9amcyhEKGk2c7xRwT8DBWri1qw6hq,user,admin,admin
297125d0-64ea-461f-b355-c3dbd89d7acc,nelsonstephen,$2a$10$xCv3l0GdIY5KPFt9lfDLKefL9amcyhEKGk2c7xRwT8DBWri1qw6hq,user,admin,admin
3936fdcc-cebb-477f-8e6c-fb2fa7b408ee,nathanreed,$2a$10$xCv3l0GdIY5KPFt9lfDLKefL9amcyhEKGk2c7xRwT8DBWri1qw6hq,user,admin,admin
2552ebc1-e9b4-4b74-87d2-77d024b50792,laurie04,$2a$10$xCv3l0GdIY5KPFt9lfDLKefL9amcyhEKGk2c7xRwT8DBWri1qw6hq,user,admin,admin
f527d604-6942-4b90-9009-39bc0d13166f,scottortiz,$2a$10$xCv3l0GdIY5KPFt9lfDLKefL9amcyhEKGk2c7xRwT8DBWri1qw6hq,user,admin,admin
c8009303-d67e-44ec-9f70-76bda318d7ab,diazcrystal,$2a$10$xCv3l0GdIY5KPFt9lfDLKefL9amcyhEKGk2c7xRwT8DBWri1qw6hq,user,admin,admin
aec82cc2-622e-4f62-95a0-ec9e43a39b16,sheila10,$2a$10$xCv3l0GdIY5KPFt9lfDLKefL9amcyhEKGk2c7xRwT8DBWri1qw6hq,user,admin,admin
a83cc428-ea86-469f-af99-e592507752a9,fanderson,$2a$10$xCv3l0GdIY5KPFt9lfDLKefL9amcyhEKGk2c7xRwT8DBWri1qw6hq,user,admin,admin
78c97f48-3ce9-476e-98bf-4e9140579039,anita32,$2a$10$xCv3l0GdIY5KPFt9lfDLKefL9amcyhEKGk2c7xRwT8DBWri1qw6hq,user,admin,admin
7fb436ad-0cda-4ee1-a91e-bcf537c8adeb,michaelscott,$2a$10$xCv3l0GdIY5KPFt9lfDLKefL9amcyhEKGk2c7xRwT8DBWri1qw6hq,user,admin,admin
2c5fea27-664c-4684-8bcb-27f1710e410f,sandra30,$2a$10$xCv3l0GdIY5KPFt9lfDLKefL9amcyhEKGk2c7xRwT8DBWri1qw6hq,user,admin,admin
6ecce894-a16f-4df3-905f-996546bb4f6e,christine63,$2a$10$xCv3l0GdIY5KPFt9lfDLKefL9amcyhEKGk2c7xRwT8DBWri1qw6hq,user,admin,admin
96f75383-bb88-4a92-b3c2-a6431224914e,zrodriguez,$2a$10$xCv3l0GdIY5KPFt9lfDLKefL9amcyhEKGk2c7xRwT8DBWri1qw6hq,user,admin,admin
6b1e6c13-4fbf-4fca-a35a-666536e71ab8,cooperanthony,$2a$10$xCv3l0GdIY5KPFt9lfDLKefL9amcyhEKGk2c7xRwT8DBWri1qw6hq,user,admin,admin
d3d25c79-6431-46c4-a7c5-66543ecd8799,lisa99,$2a$10$xCv3l0GdIY5KPFt9lfDLKefL9amcyhEKGk2c7xRwT8DBWri1qw6hq,user,admin,admin
23e887a1-a447-485a-94a5-2551544cab22,jack90,$2a$10$xCv3l0GdIY5KPFt9lfDLKefL9amcyhEKGk2c7xRwT8DBWri1qw6hq,user,admin,admin
db680202-301b-4365-8c6c-028af42b1b57,popejacob,$2a$10$xCv3l0GdIY5KPFt9lfDLKefL9amcyhEKGk2c7xRwT8DBWri1qw6hq,user,admin,admin
1a20cb36-9b5a-4e6a-b275-08fbb6794da1,mayerjohnathan,$2a$10$xCv3l0GdIY5KPFt9lfDLKefL9amcyhEKGk2c7xRwT8DBWri1qw6hq,user,admin,admin
b5adf52e-a32a-4013-9917-7d931de2ab32,wadeshawn,$2a$10$xCv3l0GdIY5KPFt9lfDLKefL9amcyhEKGk2c7xRwT8DBWri1qw6hq,user,admin,admin
c4c4d24d-945b-4328-bb71-6ce2d9aacaa8,johnsonkristie,$2a$10$xCv3l0GdIY5KPFt9lfDLKefL9amcyhEKGk2c7xRwT8DBWri1qw6hq,user,admin,admin
ac54f7a3-8847-47c6-add4-b2d7e6a3b4c3,rojasdonna,$2a$10$xCv3l0GdIY5KPFt9lfDLKefL9amcyhEKGk2c7xRwT8DBWri1qw6hq,user,admin,admin
e2033b83-d50a-419f-89cb-244ba43e5abf,abrown,$2a$10$xCv3l0GdIY5KPFt9lfDLKefL9amcyhEKGk2c7xRwT8DBWri1qw6hq,user,admin,admin
c09817cc-8709-4e14-966e-f5021475cc6f,pamelawilliams,$2a$10$xCv3l0GdIY5KPFt9lfDLKefL9amcyhEKGk2c7xRwT8DBWri1qw6hq,user,admin,admin
a8f7bff9-46aa-47f1-a844-07cadcedc193,jacobbrown,$2a$10$xCv3l0GdIY5KPFt9lfDLKefL9amcyhEKGk2c7xRwT8DBWri1qw6hq,user,admin,admin
5cad7181-fe1d-4852-8a56-1291daaf408c,brownmelanie,$2a$10$xCv3l0GdIY5KPFt9lfDLKefL9amcyhEKGk2c7xRwT8DBWri1qw6hq,user,admin,admin
838b11f4-d063-4ee2-8387-e4e095d4b3e9,james12,$2a$10$xCv3l0GdIY5KPFt9lfDLKefL9amcyhEKGk2c7xRwT8DBWri1qw6hq,user,admin,admin
f0dd2529-e991-414c-8194-3dafeb32868f,kathrynwagner,$2a$10$xCv3l0GdIY5KPFt9lfDLKefL9amcyhEKGk2c7xRwT8DBWri1qw6hq,user,admin,admin
9392d3ec-dfc3-4abd-89fd-3efa811424d3,matthewdavis,$2a$10$xCv3l0GdIY5KPFt9lfDLKefL9amcyhEKGk2c7xRwT8DBWri1qw6hq,user,admin,admin
16339e47-c5b0-44a3-b2d8-2d14d9fb1a33,timothy65,$2a$10$xCv3l0GdIY5KPFt9lfDLKefL9amcyhEKGk2c7xRwT8DBWri1qw6hq,user,admin,admin
faee16c7-c3ba-446d-8492-8d5dfc47c444,jasonblake,$2a$10$xCv3l0GdIY5KPFt9lfDLKefL9amcyhEKGk2c7xRwT8DBWri1qw6hq,user,admin,admin
8f5f77f8-5f9a-466f-8bda-603ce9259a04,joshuawong,$2a$10$xCv3l0GdIY5KPFt9lfDLKefL9amcyhEKGk2c7xRwT8DBWri1qw6hq,user,admin,admin
0b57fb2d-1c29-47a8-a030-6b5aca37b0a5,rmolina,$2a$10$xCv3l0GdIY5KPFt9lfDLKefL9amcyhEKGk2c7xRwT8DBWri1qw6hq,user,admin,admin
6faac872-eb1d-41e0-b158-97565dc08757,albert04,$2a$10$xCv3l0GdIY5KPFt9lfDLKefL9amcyhEKGk2c7xRwT8DBWri1qw6hq,user,admin,admin
1b8b789f-365e-4ec8-bfef-5ba74d22ce51,rlee,$2a$10$xCv3l0GdIY5KPFt9lfDLKefL9amcyhEKGk2c7xRwT8DBWri1qw6hq,user,admin,admin
a5c4be17-5580-47ef-b4c8-a807f6a0326b,mullenleslie,$2a$10$xCv3l0GdIY5KPFt9lfDLKefL9amcyhEKGk2c7xRwT8DBWri1qw6hq,user,admin,admin
a7a8777c-fb9e-40c5-b5af-77d260eee989,jordan38,$2a$10$xCv3l0GdIY5KPFt9lfDLKefL9amcyhEKGk2c7xRwT8DBWri1qw6hq,user,admin,admin
81fb7d00-58a5-4fe0-a096-b2d28e53e1a8,kritter,$2a$10$xCv3l0GdIY5KPFt9lfDLKefL9amcyhEKGk2c7xRwT8DBWri1qw6hq,user,admin,admin
b86c72b4-5690-49ef-853a-d8e0c2c39488,pamela82,$2a$10$xCv3l0GdIY5KPFt9lfDLKefL9amcyhEKGk2c7xRwT8DBWri1qw6hq,user,admin,admin
56c0dfc8-1feb-45f3-8201-c8af07e00fc8,cynthia40,$2a$10$xCv3l0GdIY5KPFt9lfDLKefL9amcyhEKGk2c7xRwT8DBWri1qw6hq,user,admin,admin
9f81d5a1-609a-45d4-b372-670eb093fc98,wrodgers,$2a$10$xCv3l0GdIY5KPFt9lfDLKefL9amcyhEKGk2c7xRwT8DBWri1qw6hq,user,admin,admin
c41caf59-92fe-4a88-be91-a82435981257,oowens,$2a$10$xCv3l0GdIY5KPFt9lfDLKefL9amcyhEKGk2c7xRwT8DBWri1qw6hq,user,admin,admin
695ae782-f32a-4e5d-835d-9e39da7aaf52,trevinodonald,$2a$10$xCv3l0GdIY5KPFt9lfDLKefL9amcyhEKGk2c7xRwT8DBWri1qw6hq,user,admin,admin
5508d3ed-eb89-42d4-ab9f-6740b2855ac3,jordankeith,$2a$10$xCv3l0GdIY5KPFt9lfDLKefL9amcyhEKGk2c7xRwT8DBWri1qw6hq,user,admin,admin
047e386f-78bd-43a5-a4ed-af38c34a1e82,kmcdowell,$2a$10$xCv3l0GdIY5KPFt9lfDLKefL9amcyhEKGk2c7xRwT8DBWri1qw6hq,user,admin,admin
51735c12-580a-4481-a901-68c64e3c3959,jackie87,$2a$10$xCv3l0GdIY5KPFt9lfDLKefL9amcyhEKGk2c7xRwT8DBWri1qw6hq,user,admin,admin
9dc32583-e095-444e-a386-56a6e2ad51a1,michaellam,$2a$10$xCv3l0GdIY5KPFt9lfDLKefL9amcyhEKGk2c7xRwT8DBWri1qw6hq,user,admin,admin
f3162728-29d5-4b10-ac3d-3a4d1db20ab9,mrobinson,$2a$10$xCv3l0GdIY5KPFt9lfDLKefL9amcyhEKGk2c7xRwT8DBWri1qw6hq,user,admin,admin
3addaa9c-6fa4-4a7a-858e-dada2395bc9e,richard65,$2a$10$xCv3l0GdIY5KPFt9lfDLKefL9amcyhEKGk2c7xRwT8DBWri1qw6hq,user,admin,admin
f6b21588-de07-4c20-9dbf-2e1d86cc080f,melissagreen,$2a$10$xCv3l0GdIY5KPFt9lfDLKefL9amcyhEKGk2c7xRwT8DBWri1qw6hq,user,admin,admin
a2aa0fec-b031-409c-ba10-d952a4c6c975,jacqueline36,$2a$10$xCv3l0GdIY5KPFt9lfDLKefL9amcyhEKGk2c7xRwT8DBWri1qw6hq,user,admin,admin
d2040fd9-0985-4918-9fc3-6ede9f102016,millermatthew,$2a$10$xCv3l0GdIY5KPFt9lfDLKefL9amcyhEKGk2c7xRwT8DBWri1qw6hq,user,admin,admin
f80b135d-2f12-47b0-9fe7-167e045741c7,mmcintosh,$2a$10$xCv3l0GdIY5KPFt9lfDLKefL9amcyhEKGk2c7xRwT8DBWri1qw6hq,user,admin,admin
65b6a87c-ad7f-433e-ac41-b4cad7e0fb31,jasminenichols,$2a$10$xCv3l0GdIY5KPFt9lfDLKefL9amcyhEKGk2c7xRwT8DBWri1qw6hq,user,admin,admin
38eb9069-a72d-4075-b5df-83e7438bf355,rebecca86,$2a$10$xCv3l0GdIY5KPFt9lfDLKefL9amcyhEKGk2c7xRwT8DBWri1qw6hq,user,admin,admin
25420a16-7ea7-4971-a24a-a1f05ab2c81b,spencer19,$2a$10$xCv3l0GdIY5KPFt9lfDLKefL9amcyhEKGk2c7xRwT8DBWri1qw6hq,user,admin,admin
47b976c5-d706-41f0-932e-c18f0514abc2,fhill,$2a$10$xCv3l0GdIY5KPFt9lfDLKefL9amcyhEKGk2c7xRwT8DBWri1qw6hq,user,admin,admin
c928caaf-ffc1-416f-9ce9-ab887c8bc832,taylorjessica,$2a$10$xCv3l0GdIY5KPFt9lfDLKefL9amcyhEKGk2c7xRwT8DBWri1qw6hq,user,admin,admin
1914a82b-4902-4c09-9632-0a8ef2913ba6,edwardking,$2a$10$xCv3l0GdIY5KPFt9lfDLKefL9amcyhEKGk2c7xRwT8DBWri1qw6hq,user,admin,admin
c8296316-56d5-43c2-b93d-952cc493e8c6,atkinscarl,$2a$10$xCv3l0GdIY5KPFt9lfDLKefL9amcyhEKGk2c7xRwT8DBWri1qw6hq,user,admin,admin
22cd12cf-f044-43b8-a447-b585b03fcd94,janeclarke,$2a$10$xCv3l0GdIY5KPFt9lfDLKefL9amcyhEKGk2c7xRwT8DBWri1qw6hq,user,admin,admin
838bc642-4826-44a3-a46a-23142884cec6,jeffreysanders,$2a$10$xCv3l0GdIY5KPFt9lfDLKefL9amcyhEKGk2c7xRwT8DBWri1qw6hq,user,admin,admin
ae66f448-a2a8-442a-b8dd-9e3b61e3441e,christopher48,$2a$10$xCv3l0GdIY5KPFt9lfDLKefL9amcyhEKGk2c7xRwT8DBWri1qw6hq,user,admin,admin
133d2437-0e65-4e8a-9588-7e44d70146a8,caseybryan,$2a$10$xCv3l0GdIY5KPFt9lfDLKefL9amcyhEKGk2c7xRwT8DBWri1qw6hq,user,admin,admin
ccc4aba7-dca9-4114-b4be-94cbd46e3306,welchdiane,$2a$10$xCv3l0GdIY5KPFt9lfDLKefL9amcyhEKGk2c7xRwT8DBWri1qw6hq,user,admin,admin
4cfbcc15-adc4-4e0d-a357-993431115f23,hlittle,$2a$10$xCv3l0GdIY5KPFt9lfDLKefL9amcyhEKGk2c7xRwT8DBWri1qw6hq,user,admin,admin
d1517940-8db4-48f5-abe4-214b7d2b4d91,admin,$2a$10$xCv3l0GdIY5KPFt9lfDLKefL9amcyhEKGk2c7xRwT8DBWri1qw6hq,admin,admin,admin
